game_id,label,score
200910180nor,1,0.10934977358814693
201012260kan,1,0.07417504270396649
201310200car,1,0.9485804393114174
201510250kan,1,0.9169737551329027
200712090oti,0,0.2137194966061624
200812140mia,1,0.911278538328406
201510260crd,1,0.999612287076175
201711120chi,0,0.00475260606345312
200712020was,0,0.9723121578456491
200811160sfo,1,0.6660435772515425
201010100clt,1,0.9889835157934932
201010310det,1,0.055875934055412683
201611130car,0,0.8014376032139141
200810050nyg,1,0.9635091190097292
200811170buf,0,0.7532943466997007
201012120car,0,0.026941199369997282
201312150jax,0,0.07629527509032744
200710210det,1,0.11034363677563228
201512060rai,0,0.4175082619916844
201411090nor,0,0.9806039878918273
201712240nwe,1,0.997757663510271
201411230sfo,1,0.9944989917409938
201210220chi,1,0.9913493354351213
201212090buf,0,0.49493967583111353
201510120sdg,0,0.25792211147182725
201510180oti,0,0.7582657793058676
201611060sdg,1,0.021841337401998888
200811230jax,0,0.5377479584956357
200912060crd,1,0.9268815497612055
201010310ram,1,0.4437056245811129
201112170tam,0,0.16068137757086612
201410260nwe,1,0.7287574786828973
201411300atl,1,0.6769539641490614
200711180min,1,0.9990005054290917
201010170tam,0,0.27439165060909315
201212160cle,0,0.22288527353673698
201410120min,0,0.7230043477588575
200812070gnb,0,0.991296604033098
201311240cle,0,0.5808339761197169
201411300htx,1,0.617750036442661
201612110tam,1,0.6751777048163533
201710220min,1,0.6348030720983278
201712240chi,1,0.6647997134026686
200912130htx,1,0.9939423742254627
201411020min,1,0.14664162476569204
201510290nwe,1,0.9939015290970367
201612040atl,0,0.9987577709771873
201412150chi,0,0.033123554813630246
201212100nwe,1,0.11782657136640057
201511150ram,0,0.9927160387282604
201612240chi,0,0.19642894123474305
201712100kan,1,0.826972226363811
201712170nyg,0,0.013312799038818065
200910110crd,1,0.5498261489907875
201512130phi,1,0.052267415037697634
200910180rai,1,0.23609603527928133
201312220det,0,0.9912061048760695
201610160nwe,1,0.9774930191943771
201612180htx,1,0.9841600195027151
200912270mia,0,0.2628647755205433
201112040nor,1,0.9930033298694849
201411020pit,1,0.9899543296324932
201610090clt,1,0.13398152390343837
201611240clt,0,0.40253950206646505
200910250mia,0,0.016228621204835925
200912210was,0,0.13944836779856348
201110160atl,1,0.8319073839559694
201211250nor,0,0.5898455609914454
201410120atl,0,0.9596930892692577
201212090min,1,0.18250547613176366
201511080nwe,1,0.9934606551933434
201312220gnb,0,0.799556257333864
201512200min,1,0.6736520849945826
201312020sea,1,0.6234448935832723
201712160det,1,0.9794246709884147
200711250sdg,1,0.9972121897572677
201011070sea,0,0.08377797632948629
200811020chi,1,0.9998815804578314
201011280sea,0,0.4517390467363113
200911010gnb,0,0.9976260109100078
200912200sea,0,0.977785671588535
201110090buf,1,0.9157937074125907
201510180min,1,0.733138135932111
200810050dal,1,0.9948635641894191
201110160was,0,0.5616865067199885
201710080phi,1,0.8859016764269829
200710070nor,0,0.057507268732921495
201010240gnb,1,0.5195192694021232
201011140tam,1,0.975723518304989
201111200chi,1,0.9810237060595559
200812140dal,1,0.011373483610020317
201310130min,0,0.33478100136717626
201611060cle,0,0.04000672179150563
201711260ram,1,0.4101321515958832
201411200rai,1,0.1963182744932732
201512270kan,1,0.9998357042754962
201611270htx,0,0.7017266607530305
201411160crd,1,0.920362927476303
200810050gnb,0,0.974281396793129
201710080cle,0,0.00243963291348527
201111060nwe,0,0.9709736857234545
201111200det,1,0.8960451013400481
201210210nyg,1,0.9338184263825507
201311240ram,1,0.9383846939015924
201410120mia,0,0.8486266650935513
201111070phi,0,0.20892947456132713
201112110car,0,0.04282975175725829
201710290nor,1,0.9971278977097293
200911010rav,1,0.3687082896837667
201210140atl,1,0.9984146456919141
201610090dal,1,0.8279270828034518
201711260atl,1,0.9944590421492778
200910180pit,1,0.9960706412868604
200912130tam,0,0.21043555544949913
201212020mia,0,0.009292611546416672
201311210atl,0,0.4134319048676414
201711260nwe,1,0.9954722821323797
201012260rai,0,0.24958087535917595
201210210tam,0,0.5774209214215081
200711180sea,1,0.9966969514564313
200812210det,0,0.05191701271610467
200910110det,0,0.003803330286202437
200910260was,0,0.06977378026277671
201012120pit,1,0.9997734160606523
201011070atl,1,0.6291606741594638
201410050nor,1,0.9814508547603432
201711120clt,0,0.015307898932792425
201410190chi,0,0.9637283834396552
201411090rai,0,0.033196143962342654
201410050sdg,1,0.6726553835021541
201511150tam,1,0.008601401785776393
201312080cin,1,0.9133159215280858
201612040cin,1,0.7397289786269142
201212160crd,1,0.1491004666582438
201111130tam,0,0.980485265646493
201412210car,1,0.9185410646972904
201512270min,1,0.4677027155959252
201711260phi,1,0.9992494307899263
200712230cin,1,0.1750684913401145
200811090det,0,0.30185446414547035
201112040mia,1,0.04833895340277119
201012250crd,1,0.40952538343659944
200810190buf,1,0.04295409282470389
201012050cin,0,0.0014869677479514665
201411030nyg,0,0.06558816401907677
201511160cin,0,0.9992195621608069
201512060mia,1,0.3524378117153945
201512200rav,0,0.04133923875757673
201610160oti,1,0.825549275483872
201612240rai,1,0.9084203961920153
201710080dal,0,0.9837736002897156
200711110nyg,0,0.018027571878126848
200811300ram,0,0.31342331514451993
200911150clt,1,0.9267001995459655
200710070clt,1,0.9207389760709465
201112050jax,0,0.5345945375707054
201112110cin,0,0.015064771377767726
200910180jax,1,0.9993760611117768
201211040oti,0,0.14635290920308278
201412070rai,1,0.059384632544461274
201412140nyg,1,0.9063658481035142
201610270oti,1,0.962805303453856
200810190rai,1,0.37860284011630313
201010170sfo,1,0.8927280879341721
201212160mia,1,0.9944147415765129
201612040sdg,0,0.06471725672142922
201710290det,0,0.5575365324856526
200710140sea,0,0.9988250172113368
201310270phi,0,0.9327065087489619
201411020cle,1,0.99708208381833
201012050nyg,1,0.9955340945672113
201411090det,1,0.8517637607198026
200911010crd,0,0.9928458431961891
200911290nyj,1,0.5760036098582642
200911080clt,1,0.9847930970972392
201210280det,1,0.07903525507711713
200810120clt,1,0.9109954423999679
201212090pit,0,0.9740229786720493
201311170htx,0,0.9815490103345763
200910250nyg,0,0.8363376988883885
201112120sea,1,0.9870192464588602
201511020car,1,0.986729452402194
200710210htx,0,0.4926631938226612
200912270cin,1,0.9941334788776696
201310270nor,1,0.9950969249422602
201012050oti,0,0.8304985604822123
201311030nyj,1,0.20468462073027066
201511260dal,0,0.09933289334170449
201311170den,1,0.9932695904616353
200711110pit,1,0.9107214592623185
201210140sea,1,0.6315477901345139
201212020gnb,1,0.9996266638221251
201211250kan,0,0.024420584059818867
201411020mia,1,0.6294821666212156
201711050nyg,0,0.028103245459776646
201112240buf,1,0.02630429414605226
201211040gnb,1,0.9999185919134634
201511080nyj,1,0.9961497626212696
200711110rav,0,0.07319225933729004
200911220nyg,1,0.6092656997306621
201111200atl,1,0.8972035158921028
201712170min,1,0.9985261765400971
201112110oti,0,0.03885523397219123
201412070mia,0,0.9982898772174535
201611130was,1,0.8898676554929512
200711180cin,0,0.6980912928332218
201411090nyj,1,0.12049612929647646
201412210rai,1,0.07798117531432894
201610230phi,1,0.9722939952049746
201510110atl,1,0.8892689619386063
201712250htx,0,0.026139888405857382
200912100cle,1,0.26885871744395545
201512170ram,1,0.6021754272033751
200911080nwe,1,0.9748282159051321
201110090den,0,0.18552558521502438
200712160kan,0,0.38633016590420977
200912130nyg,0,0.548942057335381
201212090was,1,0.013651481495504254
201212230kan,0,0.16095194077071334
201212230pit,0,0.027457956527731146
201512060chi,0,0.9648761556510398
201512060tam,1,0.07210161635970982
201612190was,0,0.5505774048670972
201710290tam,0,0.25546625711270554
201010100cle,0,0.0652708388929764
201012120nor,1,0.9932585754393229
201710300kan,1,0.9986691643790105
200911220dal,1,0.9992843096317225
201511010pit,0,0.03280694304327328
201011010clt,1,0.288889732116069
201212160chi,0,0.5763732209864023
201312010htx,0,0.16956330428944977
201511010dal,0,0.03645941495039352
201712250phi,1,0.9940163646773424
201012050rav,0,0.9730980101179523
201210070cin,0,0.3070755546463743
201711120buf,0,0.14572179691340617
200911010buf,0,0.02848124444044002
200911150ram,0,0.0021906212022731403
201711230dal,0,0.357283315087059
200911150car,1,0.09923409581703135
200911010nyj,0,0.3972525230052882
200912030buf,0,0.9925108943226318
201411240nor,0,0.7683394239624798
201412110ram,0,0.8541605016504378
201711120oti,1,0.994431676313071
200712230crd,1,0.7736395307328643
200710210nor,1,0.7169656231729158
201412140det,1,0.9624424422775921
201512200was,1,0.3150541208271087
200912200nyj,0,0.9713257645098892
201211180den,1,0.9986564177397498
200911190car,0,0.599642502642187
201111200nyg,0,0.9414198992579254
201111240rav,1,0.9523459968772201
200911220kan,1,0.03242707334191525
201611130pit,0,0.0009938441127494968
200710140chi,0,0.39895627343043755
200912060kan,0,0.023188062951066395
201010240chi,0,0.11086034596378991
201311170nyg,1,0.05925764300955743
200710210den,1,0.056532149885931166
200912200car,1,0.01587387191167917
201212090gnb,1,0.999117075345665
201211250clt,1,0.920267841122823
201611240det,1,0.629502784832407
201511220phi,0,0.9920095437776434
201710080det,0,0.8686909698162729
201211180rai,0,0.0508032853013442
201610170crd,1,0.9453451214223705
200810050crd,1,0.7591346892057503
201710220pit,1,0.9971859320404051
200711180rav,0,0.16874402285151435
200810260rav,1,0.9987312429799153
201711050jax,1,0.99546805305164
201011210phi,1,0.9473751151493083
201312150cle,0,0.20373746133419804
201310200pit,1,0.42750176207673246
201211250sdg,0,0.2520543423086006
200912130kan,0,0.46503147246893867
201112240rav,1,0.9967735487037115
200710280chi,0,0.18631510630838527
201111060kan,0,0.22920592789959202
201211180htx,1,0.8450165161006459
201412140sea,1,0.9988225580452287
201512130ram,1,0.6841811618178257
201611200sea,1,0.9778690421875906
201211110sea,1,0.9987897478750397
201211220dal,0,0.6940398559132819
201710150kan,0,0.9973460313768968
201311030car,1,0.9920943573162211
200812070nyg,0,0.9779627204188598
201310270kan,1,0.9989095214805653
201611280phi,0,0.9891360847673215
201612040gnb,1,0.7559496693529957
201212020rav,0,0.8722399482465663
201411230nyg,0,0.006494492542473796
200812140jax,1,0.10206664869217358
200710140crd,0,0.9318684332767493
201012260buf,0,0.017772292706605748
200812140atl,1,0.22768054230359286
200912130min,1,0.9475509177709392
201111060clt,0,0.058746389140313465
201411160sdg,1,0.9002403084791298
201712240nor,1,0.9852054655555615
201011070phi,1,0.7038111615198112
201512280den,1,0.8998818319280668
201511010cle,0,0.03379257634593955
201311030was,1,0.9338214948779673
201411090crd,1,0.8176823619725463
201212090car,1,0.009493211200126635
201210140tam,1,0.5677567750622468
201610230det,1,0.9693248783121943
201712040cin,0,0.0010720494413306927
201011210pit,1,0.9997615377667498
200711250kan,0,0.9453195742925
200710140dal,0,0.05403244032628431
201110090car,0,0.7268606519528785
201411300ram,1,0.8941439091524982
201710080ram,0,0.11329291883031711
200911150mia,1,0.9985320021589421
201210180sfo,1,0.9951757893386804
201312010was,0,0.7622596778652873
200811090chi,0,0.043644883919773995
200812070oti,1,0.9985118857821195
201010310dal,0,0.576583354924852
201212230car,1,0.9926835344306181
201411230den,1,0.9773609519529441
201212160dal,1,0.023811689704120613
201711120sfo,1,0.008031012739237026
201312220cin,1,0.9769964103752503
200712160sdg,1,0.99839081534922
201612120nwe,1,0.9846687075892756
201112240det,1,0.563301425932633
201210280dal,0,0.07455027230550505
200812210nyg,1,0.9980506347074494
201610230sfo,0,0.08716372820644538
200811230cle,0,0.8928867900875305
201111270sdg,0,0.33127655649009197
201411300gnb,1,0.9775747737249995
200910250cin,1,0.14245030181963902
201511050cin,1,0.9981580450508395
201610090den,0,0.4501898727498306
201112240car,1,0.2696345875692676
201711050car,1,0.5799534918718645
201711260rai,1,0.9528997150525428
201012050sdg,0,0.9946133221574744
201412070sdg,0,0.08051428301943835
201711050nor,1,0.9944828066901409
201510180clt,0,0.7099843412353227
201711200sea,0,0.9302043384184916
201711230was,1,0.995928204718576
201310200phi,0,0.9592297991736749
201712240kan,1,0.43878417471411685
200811090pit,0,0.25292399686547584
200811160car,1,0.9996534916777983
201210140was,1,0.9197639886183266
201712100cle,0,0.002755121581626802
201010240nor,0,0.9981101433978322
201612240jax,1,0.11818445227933894
201212020sdg,0,0.11018149223148048
201410060was,0,0.17202765156548916
201310280ram,0,0.22775272250559275
201712240oti,0,0.030047151350794818
201012050mia,0,0.6781699760472654
200712100atl,0,0.02566719670344522
201310200nyj,1,0.35075964931581677
201612040nor,0,0.5335372694039751
201110090min,1,0.4493963692152644
200812140rai,0,0.459102835946331
201311100nor,1,0.9829253120466938
201511220sdg,0,0.23790775851172277
200911290oti,1,0.009764157876516442
201111140gnb,1,0.9990169212067095
201610090min,1,0.9851201628728354
200711180gnb,1,0.9981330189719453
200910180atl,1,0.9366230768511447
201010100rai,1,0.04583093709841123
200710140cle,1,0.9902462861998284
201611200det,1,0.9176320807000359
200712160dal,0,0.9952458242446429
200810120nor,1,0.968658047171106
201710150was,1,0.9397323021071585
201210070sfo,1,0.9936486096503861
201410260jax,0,0.0011186757991732928
200911290phi,1,0.9993118383433802
201511010chi,0,0.06629139534086569
200810120sfo,0,0.23314925874984122
201212020oti,0,0.015675278328811115
201212230gnb,1,0.9970682293041108
201410050jax,0,0.0021463185946764204
201410190jax,1,0.02990468446856556
200711250chi,1,0.09250421312337205
200811270det,0,0.006790941431161894
200912060cle,0,0.09429397895133658
201010240rav,1,0.9996985239160561
201012060nwe,1,0.9941600969166232
201111200min,0,0.6930096597445295
200812140crd,0,0.9156441879310706
200912060clt,1,0.9855181458899944
201010170chi,0,0.46960307867591433
201310060dal,0,0.00388238644813605
201311100oti,0,0.994345479439248
201312090chi,1,0.3753155908397313
201110100det,1,0.8852720676184788
201510110kan,0,0.9526958284475673
201512130tam,0,0.9929618165341746
201712100tam,0,0.3729818762141095
200711190den,1,0.7318607980556258
200911150was,1,0.10503505155317218
201512200sfo,0,0.011725692320258678
201710220cle,0,0.006518054517281502
200711040nor,1,0.04285039517171248
200911290min,1,0.997723364361178
201410120buf,0,0.9624751237621574
201711190nor,1,0.9970193456330598
201010170min,1,0.8688942546874837
200912140sfo,1,0.01124715340233353
200912200oti,1,0.21599762255031285
201110230oti,0,0.9861062771245386
201512060sdg,0,0.49801508515938175
201510250ram,1,0.6373524647074407
200910110den,1,0.9647867665218571
201611200nyg,1,0.4564474293930716
200811230kan,0,0.0056069306358298675
200812210tam,0,0.7867973460428723
200911220chi,0,0.28657561014921074
201012260mia,0,0.9677607133195262
201210070jax,0,0.12072590177085038
201410190gnb,1,0.972363447627883
201512140mia,0,0.2665021938195735
201612250kan,1,0.9104250458096069
200911010oti,1,0.1340754464000572
201212090sea,1,0.9982937233048466
200911080nyg,0,0.8749588972963442
201010240sdg,0,0.7410959533457094
201310140sdg,1,0.016765211073939412
201712030crd,0,0.008357282645719586
201712030rav,1,0.9418856194807904
201010100det,1,0.9790316101036225
201111130cle,0,0.1881632705259055
201212230den,1,0.998354201919623
201410190sdg,0,0.7942106866573526
201012050sea,1,0.8855623420883105
201312150clt,1,0.9874164233676846
201511010htx,1,0.26034763763400337
200712020mia,0,0.7794551650873329
200811020buf,0,0.9759164107615094
201310200jax,0,0.023670197717493117
200712090nwe,1,0.9788210583473327
200712230chi,1,0.44875495051075
201410190clt,1,0.04571509439784838
201612240car,0,0.2824159343253691
201210070nor,1,0.6693888842778097
201610090ram,0,0.6894773549346407
200710080buf,0,0.06796517440221929
200911150nyj,0,0.8219175643921689
201011110atl,1,0.5151729820702069
200712150sfo,1,0.11249674564186729
201012050min,1,0.9297746995602226
201410260nyj,0,0.9058306571333129
201510190phi,1,0.2022926570811981
200811160sea,0,0.12040621128306746
201312150ram,1,0.8025037351394855
201612180min,0,0.9824077491541645
201010100sfo,0,0.047940482330644386
201312220was,0,0.011339982887343959
201611130nwe,0,0.982732226609924
200712230buf,0,0.3212512018047816
201011250dal,0,0.18862927820213984
201210080nyj,0,0.3133105423585467
201311170pit,1,0.09123673905946955
201410050nyg,1,0.7320704524166373
200712030rav,0,0.0025413720860260527
201011210dal,1,0.6963552661142315
201511150gnb,0,0.9995503820491604
201411170oti,0,0.01246358029332311
201410260cin,1,0.4133668235586289
200812210sea,1,0.22480269707897726
201112040chi,0,0.99857427778873
201710150min,1,0.02817548449395625
200711250tam,1,0.9985825775179117
200811160gnb,1,0.9645203963752796
201011210sfo,0,0.7657238465207215
201511080tam,0,0.28045859703608067
200912200kan,0,0.06705185678426907
201712240sfo,1,0.4664571207421643
201711260cin,1,0.9892254674619861
201011140chi,1,0.7347388716286218
201011280clt,0,0.9376501408566456
201410190dal,1,0.981368957147224
201011280nyg,1,0.9689333178114631
201710080htx,0,0.11990232420832198
200712020clt,1,0.9867221503094743
200912130rav,1,0.9995051750092133
201510180pit,1,0.0476806513255542
200912270crd,1,0.9981884856650065
201312230sfo,1,0.996630390025293
201411020nwe,1,0.06704947549206793
200811230mia,0,0.8050465605512427
201311110tam,1,0.5248837155883421
201510250clt,0,0.9978577093604303
201011280den,0,0.945633562956839
201012190pit,0,0.9929847681094641
201110230nyj,1,0.9185434966511764
201312150mia,1,0.39737208942413427
201411230clt,1,0.997920424724382
201411230min,0,0.24601467189259518
201211180nwe,1,0.9986862571823455
200912270clt,0,0.9994978759140065
200710210sea,1,0.9830662282953685
201212090tam,0,0.9987106387471482
201512270crd,1,0.9896077804154858
200912200pit,1,0.8069911051908025
201012120nyj,0,0.21654931130022081
201310310mia,1,0.41857655753617373
201710290phi,1,0.9979294009363481
201211180car,0,0.05002718357210372
201211180dal,1,0.9988406104336963
200811300tam,1,0.7582263572735874
201110160gnb,1,0.9984348857481887
201210280gnb,1,0.999814542891314
201511150nyg,0,0.011837691743664277
200811230crd,0,0.9499056124929797
201111060oti,0,0.41121391150051595
201312010sfo,1,0.9977609509581683
201411300jax,1,0.32269459003093887
201411020htx,0,0.6953743016299281
200911220rav,0,0.42392951012600555
201211040clt,1,0.8526409833019053
201711120tam,1,0.945969798666826
201012020phi,1,0.3669128289662236
200812070sea,0,0.0792602455787798
201212020dal,1,0.9929171438812643
201511010ram,1,0.8086117718027402
201711190min,1,0.4799884913133086
201210140sfo,0,0.8949070953789092
201512200nyg,0,0.09770785772028781
201711120den,0,0.004823450404719025
200810060nor,0,0.754099244375418
200911290sdg,1,0.9908850041840772
200712020rai,1,0.019460214092766
201311030sea,1,0.9997628158322062
200710280cin,0,0.3717925458457611
200712230min,0,0.9974549791382277
201312150min,1,0.5757833474358336
201511150was,1,0.1321714946479667
201712140clt,0,0.7079618978249883
200711110mia,0,0.3346453774936057
200811020nyg,1,0.9143900112303734
201012230pit,1,0.9961972246386637
201510180jax,0,0.9612638816369287
200712160cle,1,0.8138309948063286
201410050det,0,0.9778171668451306
201712100htx,0,0.9907387760439719
201111270nyj,1,0.9848333607387233
201211250chi,1,0.9422219954974002
201710290sea,1,0.907027488472518
201310130htx,0,0.8960451315191295
201612040pit,1,0.32940693671435695
200811230rav,1,0.7581920307266494
201011210nor,1,0.9096490357760297
201510110nyg,1,0.9980191424481346
200711250nwe,1,0.9910036982111988
201511150oti,0,0.013603292934911103
200711050pit,1,0.9952814854338494
200811090phi,0,0.057439904098371034
201712100sdg,1,0.8573839673269902
201310270den,1,0.9878800623117523
200712230oti,1,0.949677409095905
201211050nor,1,0.9605691252017435
201511080min,1,0.38366360050566567
201011070gnb,1,0.819181738510606
201312010nyj,0,0.9572427841547237
201611270nyj,0,0.0019351228595735688
200810190htx,1,0.9926275223130548
201610300atl,1,0.9602599130060672
201112110jax,1,0.3378166682597383
200711040det,1,0.9847293869545652
200910250pit,1,0.7433923019315839
201112180kan,1,0.006771030757884344
201712170was,1,0.9713977479231992
200711220det,0,0.02682815203549894
201212230sea,1,0.469231168989629
201411300min,1,0.9133513912533973
201711190nyg,1,0.005188706277474007
201712030nyj,1,0.2631817724683408
201411160ram,1,0.0314625736163109
201511300cle,0,0.1403353924138399
201012190rai,1,0.920792016699591
200711250jax,1,0.9928583477070664
201112110mia,0,0.4273294408762536
201110160pit,1,0.9995842931749261
201212230jax,0,0.00047751568312939357
201711120jax,1,0.9915883223525648
201612240htx,1,0.6201205210059397
201012260den,1,0.24920898341338274
201310100chi,1,0.9410276978839202
201411160cle,0,0.714750394278184
201611130crd,1,0.9765147635037641
201512270oti,0,0.17229262169187573
201610300tam,0,0.569784446065831
200712090rav,0,0.0029660202993705693
200712090jax,1,0.9992743339094903
200810260car,1,0.35873763153485766
201110300nyg,1,0.9893826063016516
201411090buf,0,0.7377695627949425
201312080rav,1,0.8950541855365348
201511090sdg,0,0.9306527786652561
200811030was,0,0.9925062882873279
201111270cin,1,0.9844243390757754
200712090sea,1,0.9875608299233825
201612110phi,0,0.5067791544545297
200810260mia,1,0.0900242598596189
201310200was,1,0.005532610077138689
201712240cin,1,0.056226106398305144
201010170phi,1,0.4530248723760952
201212230nyj,0,0.9712189688251457
201612040jax,0,0.026864987447199416
201710220chi,1,0.004895046390151018
201311240kan,0,0.6799022201960688
201510180gnb,1,0.9972368617177167
200912130clt,1,0.9990529977745746
201210210buf,0,0.8601647966855936
201510180sea,0,0.9323401401598902
201610230mia,1,0.06262331866401136
201710050tam,0,0.07065551786907914
201212160nor,1,0.6312859275293501
201410090htx,0,0.176343083724552
201512130gnb,1,0.9832565119240664
201111270phi,0,0.2844922479370802
201112240oti,1,0.9959650974580703
201310170crd,0,0.03967840806587904
201710150nor,1,0.9659205422188933
201110090sfo,1,0.21856674902199544
201110300pit,1,0.008189707832264043
201212230htx,0,0.9897597494532119
201311170tam,1,0.26143470817298387
201210280phi,0,0.006406469922285577
201611240dal,1,0.9968250197421694
201612110mia,1,0.9702616962156094
200712020min,1,0.5132026491642612
200712160nyg,0,0.2702389109252773
201211260phi,0,0.07557563235190433
201511220mia,0,0.6775611059065074
201612250pit,1,0.9996494794926174
201011070min,1,0.9737618285867682
201011280htx,1,0.08885849407920092
200711040atl,1,0.8125337019711875
200912270atl,1,0.8915215085955834
201710230phi,1,0.7392443838369993
200911090den,0,0.23415171893089176
201010310nwe,1,0.9995207852546337
201611140nyg,1,0.314992000138921
201110300ram,1,0.006561423819887076
201210070pit,1,0.6653613920742225
201411090tam,0,0.009119247431942657
200712240sdg,1,0.998113775091561
201211180atl,1,0.9952319120540626
200912170jax,0,0.0033581657328046843
200912130nwe,1,0.9979374024343265
201611130jax,0,0.4702330358853045
201710290cin,1,0.9863053779350506
201611130oti,1,0.011205304612862338
200811020rai,0,0.28939306506169005
200911080sfo,0,0.8009907868766876
201512200phi,0,0.03581354395083663
201610090pit,1,0.9993232109452796
201612170nyj,0,0.049644455138090224
201011140den,1,0.39426685556100943
201211190sfo,1,0.9929310113678291
201610090gnb,1,0.8638996611846524
201112180buf,0,0.8727779618967593
201210140rav,1,0.9998268235562766
201610230jax,0,0.12045958838707134
201710150crd,1,0.6541960112992852
200712090den,1,0.7867892480494838
200812140clt,1,0.9993952669650278
200910110oti,0,0.002016478920598395
201510180nyj,1,0.724825191813319
200711110oti,0,0.9591098671764343
200811270phi,1,0.9014535865724572
201610160nor,1,0.934536846620581
201211220det,0,0.32096710376857385
200712230nor,0,0.6888979726971376
201012120buf,1,0.2799165477794946
201111270clt,0,0.14952674513765188
201512130kan,1,0.9993476918002459
201611060sfo,0,0.08182297140403327
200811160was,0,0.293000754101635
201512060nwe,0,0.9964991530167188
200812070sfo,1,0.211363421610708
201112180rai,0,0.17358160730274216
201611130sdg,0,0.8940414338226109
201012190mia,0,0.9506332959296252
200812210was,1,0.024830731681427822
201712170nor,1,0.9995242292989399
200710280ram,0,0.028062860331088915
201011210kan,1,0.9819412809292181
201411020sfo,0,0.9897485054830191
201210070kan,0,0.0031337171950303637
201410190was,1,0.8030178107435118
201212230dal,0,0.5873803669803292
201412070phi,0,0.9072771786353924
201210150sdg,0,0.23616256564973978
201411160nor,0,0.9119753642088329
201610160chi,0,0.22729745127121595
201710220sfo,0,0.03920489188052999
200711040rai,0,0.04980268404685853
201012190car,1,0.0691698424937708
201410020gnb,1,0.9953220060504985
201412070nor,0,0.9976596249520905
201112110nyj,1,0.9987897131589433
200912270nwe,1,0.9978593514354264
201110090nyg,0,0.9995580476563201
201710220clt,0,0.048924135512507974
200710220jax,0,0.4273758412812122
200711110car,0,0.9283952333863374
201411100phi,1,0.9802000152816107
201610130sdg,1,0.5287817182153414
200812140ram,0,0.018280894753093854
201112150atl,1,0.9995608242363874
201210280den,1,0.9857787706916004
201611200kan,0,0.9798928926821203
201112040crd,1,0.05271377784201971
200712020nor,0,0.2906777150659006
201410260kan,1,0.9853359719047562
201312050jax,1,0.19222096696159102
201410190rav,1,0.8920752211727995
201012120sfo,1,0.8558254644841704
201111200was,0,0.16208378273513627
201312010car,1,0.9994266651347484
201111060nor,1,0.9989078046337792
200911150pit,0,0.8089860243447801
201311100rav,1,0.12262736313320159
200811300gnb,0,0.8610903746283262
201710080nyg,0,0.9004370248178188
201212160atl,1,0.4256551385400201
201110090htx,0,0.9323192825720041
200711180atl,0,0.00869759065787768
201610300dal,1,0.9268336136767504
200912060pit,0,0.9994446802822472
200811300buf,0,0.9509268988948407
200812140nyj,1,0.8876969627750102
200911290sfo,1,0.9835455548514433
201112080pit,1,0.9995636462241918
200811090nyj,1,0.9605459743912254
200912270cle,1,0.10613512012788316
201411060cin,0,0.9017297732896691
201412210chi,0,0.15898205185444741
201511220crd,1,0.9718787737396766
201612240cle,1,0.004725921517183464
200812220chi,1,0.5929182761624608
201210210rai,1,0.7947479985921219
201711050phi,1,0.9938979300529602
201510110dal,0,0.0406250591678679
200711120sea,1,0.9752713530468643
201111130dal,1,0.5440539101307886
201312150rai,0,0.006519956845254941
201511290kan,1,0.965180689682053
201611270tam,1,0.4385281620965029
200710210rai,0,0.04417059620949301
201110230crd,0,0.03696990222231814
201310130buf,0,0.6991594340490429
201312220htx,0,0.010008825099638451
201712030atl,0,0.3490725483400831
200712230clt,1,0.9981945219447294
201512060cle,0,0.00027730635300726486
201612110nyg,1,0.013784786337865567
201612180dal,1,0.9978195317152083
200711110sdg,1,0.009557107243484925
201011070car,0,0.05694015529653983
201310060nyg,0,0.8207889528723303
200710070nwe,1,0.9992265188311126
201010100htx,0,0.4815521542968796
201211250mia,1,0.022276514674693226
201212020buf,1,0.8791048790114143
201510250sdg,0,0.17747801686028022
201511080nor,0,0.9966832838405237
200811020ram,0,0.2538926176433647
200812200dal,0,0.9541400569557904
200911010det,0,0.9132798736645046
201112240kan,0,0.16342103235137126
201210280pit,1,0.17718970102570508
201210290crd,0,0.011064462101597946
201211250cin,1,0.9807729701051895
201110090atl,0,0.30301288734243825
201510110phi,1,0.0964102492955379
200811090rai,0,0.10684345964987495
200912130jax,0,0.5145251997752014
201311170mia,1,0.06644713203878985
200712020pit,1,0.9561845564681164
201112010sea,1,0.3700920084160869
201211110phi,0,0.024718206815336468
201711260crd,1,0.7092901831041567
201112110sdg,1,0.3883366277696777
201112190sfo,1,0.05959401177122773
201411230chi,1,0.9634648415825521
201612180nyg,1,0.7840507486079163
201112040tam,0,0.8356719706306537
201210140mia,1,0.9725873764196811
201412210crd,0,0.8129511258016143
201611060rai,1,0.728066515383436
200811090mia,1,0.880855313865345
200811230sdg,0,0.1311061672090711
201212160rai,1,0.5937487746252217
201512070was,0,0.9953646908581312
200710070pit,1,0.9250614614203508
201111130clt,0,0.02919832018369697
201010240tam,1,0.823806326676996
201212020rai,0,0.4640297800782179
201611270cle,0,0.001396134399619033
200812070pit,1,0.9837937812674983
200812210kan,0,0.1483684180587273
200810260nyj,1,0.9899116976276046
201512060ram,0,0.310889327332816
201512200sdg,1,0.7772570630959308
201311240crd,1,0.9820096428718158
201410120crd,1,0.30690686643068954
201611200dal,1,0.9981184354296058
201012260tam,1,0.5758275425445255
201412070den,1,0.9970434859005924
201710160oti,1,0.9916750148874802
201010170gnb,0,0.9839509960724367
201311030ram,0,0.840281999226356
201612180crd,0,0.9765700157247877
201110300sea,0,0.6398912838109497
200810190tam,1,0.9975676024086286
200910250car,0,0.29602570381781546
201210280cle,1,0.6399854149114135
201212230crd,0,0.7878053880362269
200711180nyj,1,0.08924980189746003
201311100sdg,0,0.005565448208681274
201712030mia,1,0.052597483181114416
200811300nwe,0,0.7881691826137917
201612240sea,0,0.9976385297419621
200710070den,0,0.08307153745422004
200811300min,1,0.8366819110808604
201512200jax,0,0.7870590243929516
201511290den,1,0.9141772417424392
200911290atl,1,0.99447053225684
201111270kan,0,0.4805578522422362
201710190rai,1,0.010415795355717418
200711040oti,1,0.9778119453936821
200910180nyj,0,0.9958797569675062
201011280chi,1,0.01474791080611787
201511010atl,0,0.9878589623805383
201610160was,1,0.2759738840446551
200811230dal,1,0.8692178442187165
201011140sfo,1,0.943160202620129
201210070was,0,0.09169045965195038
201111060rai,0,0.9980896028237326
201311100crd,1,0.986782095622401
201110310kan,1,0.33363501601586437
201111240dal,1,0.1558915214367297
201612040sea,1,0.9983555829097355
201712240was,1,0.49824130172250675
200711180dal,1,0.9685720659161473
200811020kan,0,0.03282373214695117
201712100car,1,0.5561212121521483
201110170nyj,1,0.9539739624684628
201512130cle,1,0.14874483320457899
201411020sea,1,0.9995336504876333
200810190chi,1,0.7940008030388896
201112040was,0,0.03392460945156665
201312220phi,1,0.9257652462212157
201411160chi,1,0.9690914002104679
201710150atl,0,0.9995720146379129
201011280cle,1,0.9986397497740207
201212020chi,0,0.5234874767067538
200711110nor,0,0.9828103389693149
201511080clt,1,0.15344167655279506
200911290ram,0,0.002524883213929695
200912130oti,1,0.996007075413213
201410120rai,0,0.19021339499525752
201611270buf,1,0.9998638994970953
201612040chi,1,0.6765648230651456
201612180den,0,0.1771169168559371
201511290oti,0,0.06551688512085051
201712160kan,1,0.6774974775365427
201411160nyg,0,0.5266935487522914
201710090chi,0,0.005717963196296516
201011280rav,1,0.8342057323002535
201212090jax,0,0.00908020737391434
201310130den,1,0.96077840995258
201412070oti,0,0.009863468597195056
201112040buf,0,0.9421451903537198
201410190rai,0,0.29852026146418414
201112040nyg,0,0.009505062622797801
201110240jax,1,0.6274407448010889
201611270rav,1,0.08850093219623101
200812070crd,1,0.9976288304437185
201112180sdg,1,0.592647260813118
201211150buf,1,0.9423492416813056
201312010clt,1,0.9537861642821797
201112180nyg,0,0.9401350218517583
201211110min,1,0.6727862044943649
200710140kan,1,0.08181323069706083
200912130chi,0,0.1494995583893363
201210210ram,0,0.07020837040004872
200712090nyj,0,0.05215140320057343
200812070chi,1,0.038017781980904754
201111130chi,1,0.5549555454507084
200912060sea,1,0.006880719035571473
201012190clt,1,0.8007952446678658
201610230cin,1,0.9079012800277351
200711180jax,1,0.8220186596241122
201211180kan,0,0.22496483244364163
201411270det,1,0.9179448696397292
201211290atl,1,0.9151736248371823
201110090jax,0,0.26350336847008105
201011070det,0,0.5552194478021395
200810190nyg,1,0.9940701199740342
200811230ram,0,0.005670408479631118
200812210nwe,1,0.22257565495258105
201210210htx,1,0.9632420439249479
201611060gnb,0,0.9667005611792818
201711050dal,1,0.3629057474184143
201712170sea,0,0.17543071893131618
200711220dal,1,0.9817091727186371
201512200rai,0,0.7346642313815993
200911010clt,1,0.9998199342195683
201312220ram,1,0.7572595267480354
201711190gnb,0,0.9968762841579747
201512060min,0,0.2117546476242282
201012190tam,0,0.4267303008292719
201012260gnb,1,0.9664419260488777
201110090clt,0,0.08108828620604361
201112110crd,1,0.5594320815053567
201710150rav,0,0.9987642200107231
200710070kan,0,0.08117149038510958
200910110phi,1,0.9982617581659813
201710220nyg,0,0.03321600780731423
200811160nyg,1,0.9340158164252874
200912270phi,1,0.9936622967254356
201112040pit,1,0.9913778744912716
201112240sea,0,0.8508851404424885
201212160nwe,0,0.484488267390951
201011280rai,0,0.018090637207355195
201010240mia,0,0.38093259283581776
201710260rav,1,0.9805526946962434
201511220min,0,0.3031022232435619
201012120jax,1,0.7545348336854353
201711190htx,1,0.9860379169603456
201311170phi,1,0.8774101478215015
201010170htx,1,0.9651788939275233
201412070cin,0,0.245891839446584
201410190ram,1,0.23589273968041546
200710140rav,1,0.9939857494812979
201610300den,1,0.9858611440642178
201612110car,1,0.08292213567111502
200711040kan,0,0.022449140608849172
200911220den,0,0.8604681073716521
201210280nyj,0,0.2047077928001098
201212160buf,0,0.04962314647059458
201310060crd,1,0.0951551457494494
201312080phi,1,0.5201301913736097
200911230htx,0,0.8636224851768057
201311100nyg,1,0.6623418653146049
201510110oti,0,0.03308720721812483
200711180sfo,0,0.2252337142071071
200710070ram,0,0.006201698053896897
200710150atl,0,0.008505202906441373
201111200ram,0,0.06850991487085928
201310060cin,1,0.02290039746180614
201610060sfo,0,0.32939218442572105
201512200clt,0,0.9720221555235299
201512270sea,0,0.9995352608978035
201612110cle,0,0.00039746167640423015
201010240den,0,0.8867047084777306
201210280oti,0,0.032321281433589595
201612180buf,1,0.9850261689995496
200711290dal,1,0.09347650320199354
200910250ram,0,0.0011636489908522555
200911220min,1,0.9975466869440078
201211220nyj,0,0.006796222197104785
201712230gnb,0,0.20298309549797533
201110300rav,1,0.9972449727239897
201511120nyj,0,0.9806705693136042
201610200gnb,1,0.9994681318656474
201312220sea,0,0.9931918330191472
201610300nor,1,0.08533633484389418
201611130phi,1,0.3337760900369741
200911080jax,1,0.9918337555263707
201311170jax,0,0.01121739107838254
201110300buf,1,0.9992826217879021
201210210clt,1,0.963497189985138
200710140jax,1,0.9987245826486015
201410120nyj,0,0.20771416006405044
201411300buf,1,0.06608437132706721
201712030buf,0,0.0018762251362541683
201712170jax,1,0.9992566244595525
201511150phi,0,0.9899194220725902
201512130den,0,0.7566688483417814
200711040phi,0,0.11824984030196217
201011210ram,0,0.7651271607263113
201612180rav,1,0.9836973481621234
201712100cin,0,0.9950183389771357
200711180phi,1,0.5610014397254657
201312220buf,1,0.05231497491397226
201612180atl,1,0.9955685164295769
201112180htx,0,0.9941295044366711
201311040gnb,0,0.5652918872986643
201410120phi,1,0.9163365854390823
201611200ram,0,0.34202404440814954
201011250det,0,0.5237233601681944
201412210pit,1,0.6587353507176231
200710140sdg,1,0.6626360002732543
200812010htx,1,0.40837774291468115
200812070det,0,0.009641749397276286
200910250kan,0,0.04211436987669653
201012260cin,1,0.0027810060989027145
201412210ram,0,0.9226810730113607
201011140buf,1,0.01607629886844753
201511150pit,1,0.9990829684075268
201512270nor,1,0.6518489681718692
201010100buf,0,0.020916045978842432
200710070gnb,0,0.9928320480898339
201511290jax,0,0.03229390494943962
200812210rai,1,0.014237558135933982
200811270dal,1,0.7162184336905671
201110230dal,1,0.9916586819993776
201111060was,0,0.00789489782347436
201012130htx,0,0.5789602145262186
201111270jax,0,0.07866696534217592
201411020kan,1,0.9990453735153514
201010310sdg,1,0.7024071365651463
201310060clt,1,0.6791118482277418
201510250nyg,1,0.8841828476870962
201011070cle,1,0.17970333687473738
200912130dal,0,0.849867039113796
201111100sdg,0,0.7325913752753508
200811160jax,0,0.04516410105114541
201111200sfo,1,0.9967484037810433
201611060rav,1,0.11725364636406063
201310060rai,1,0.01612794905590002
201510110tam,1,0.867043758266979
201710080mia,1,0.012859134071176523
200712090det,0,0.00035240896820738684
200812140htx,1,0.04052184940635502
201212090cin,0,0.29129912824358867
201212090clt,1,0.9935579161193744
201012050kan,1,0.7303577383719239
201410260cle,1,0.9909800756648938
201110160det,0,0.9316635961167632
201710150den,0,0.9955446513969122
201212230phi,0,0.008503129275439284
201310060gnb,1,0.9788214734775829
200812180jax,0,0.043245693460247044
201310270min,0,0.7630053557381402
201410120sea,0,0.9801191896507883
201610300car,1,0.668848870478381
201012050crd,0,0.47451254712708396
201012050tam,0,0.46147326849789755
200812140cin,1,0.006998948284521959
201412140phi,0,0.44051134047621693
201412210nor,0,0.2606420421455583
201612040rai,1,0.8860926128374729
201211180det,0,0.024674123029172025
201310060chi,0,0.8896142000507566
201610300cle,0,0.030921921243564437
201611060nyg,1,0.2822105748888693
200912200rav,1,0.9911188601126382
201010310crd,0,0.33221943602061155
200810260jax,0,0.9983468850219465
201111060buf,0,0.756629647479927
201612110oti,1,0.7088100648352698
201511010rai,1,0.0460613329324057
201612110ram,0,0.9594530825842346
200811020cin,1,0.002425609690120273
200811240nor,1,0.053181788428454044
201311170buf,1,0.7543970463769526
201410050clt,1,0.9608128799928803
201712100den,1,0.2748040787824326
201311240nyg,0,0.08788325053460724
200711250cle,1,0.9678321217315525
200912200phi,1,0.9908065973877686
201610090mia,0,0.7733052087724279
201311100clt,0,0.9996145412617549
201310060ram,1,0.9140751306092048
201511220sea,1,0.9944737389656163
201010170den,0,0.4827241178074779
201311030htx,0,0.04391445797256059
201511290sea,1,0.894424745197969
201010310rai,1,0.02229542481229016
201212160sdg,0,0.05538538998566819
200911220det,1,0.33741782793730635
201012190sea,0,0.15167397651175607
201510180sfo,1,0.11034137593164052
201312080sdg,1,0.6865033473710734
200810120sdg,1,0.23368900750986873
201310200clt,1,0.13578067277368747
201012200min,0,0.8934820855469761
201410130ram,0,0.07409174871935613
200712020chi,0,0.1294897398368166
201111130phi,0,0.8676241041986056
201211110tam,1,0.9819173233055272
201212130phi,0,0.21557553647655886
201412200was,1,0.05449237613768029
201412070cle,0,0.013795839490494432
200810120crd,1,0.12282397763539007
200911290cin,1,0.9833406051965232
201211110nor,1,0.5820661534484417
201410190buf,1,0.9963444985942855
200812140kan,0,0.008020411339603253
200911080chi,0,0.04776914711131856
201510250mia,1,0.8754230002267885
201512130rav,0,0.40791263654369175
201011140mia,1,0.07339042541022484
201310130tam,0,0.19912685389787513
200711110rai,0,0.014749999661870595
201411090sea,1,0.998069911329412
200710280tam,0,0.934760941230664
201410260car,0,0.5007992391018358
201511260gnb,0,0.9921189095905627
201211110car,0,0.28588807671458916
201412080gnb,1,0.9993029788450798
201111130atl,0,0.7165613740660028
201111270sea,0,0.8158025743382883
201511190jax,1,0.7272807278502609
201612010min,0,0.37956451130653485
200810050mia,1,0.1662192698082135
200912270was,0,0.024629000644613888
201211040atl,1,0.9954455861246837
201312150tam,0,0.21466773156410718
200711110was,0,0.3640927166742566
201012260cle,0,0.0749732860534649
201311030cle,1,0.19251092514828624
201711190sdg,1,0.7583712024146302
201712100crd,1,0.5097760099784797
201311280det,1,0.045722941003321894
200710140tam,1,0.9552178299670022
200812080car,1,0.989852903238301
201210140htx,0,0.9795681578387078
201411160kan,1,0.6020890600020767
200911120sfo,1,0.3016847771148602
201511150rai,0,0.9991671558658609
201611170car,1,0.7048390741099384
201612150sea,1,0.9709447365507213
200910110car,1,0.18081640398750168
201512060buf,1,0.12038617580083678
200912200det,0,0.0013944009646330024
200810120min,1,0.9900219808896662
200911160cle,0,0.0865885046019608
200912250oti,0,0.02805471802041716
201111280nor,1,0.9917578273652405
201311240det,0,0.98500441316334
201711260sfo,0,0.005379176753494003
200712090gnb,1,0.9849718298565113
201411270dal,0,0.9934427440695149
201512270buf,1,0.9907242379528137
201210250min,0,0.9498422497240298
201312010phi,1,0.9630744705437408
201611270nor,1,0.9734171416429481
200811160atl,0,0.998865294005331
201411230htx,0,0.07147521741955146
201512130nyj,1,0.998660624096459
201512270rav,1,0.1664275133629856
201211110nwe,1,0.9996951485372827
201011140clt,1,0.9994026782260719
201512200sea,1,0.9991673783004698
201310130sea,1,0.9947220973822241
201511220det,1,0.22465487965844655
201511290cin,1,0.9975553736526086
201012260ram,1,0.3267489614997446
201211180ram,0,0.7870520492368311
201310200mia,0,0.39803532812029474
201610310chi,1,0.5135445123126511
201610160buf,1,0.8789589422528022
200910110sea,1,0.6697854585341518
201111200cle,1,0.746314735459218
201512260phi,0,0.6967140358043638
201611200was,1,0.9786789579263663
200811230oti,0,0.9995625704298804
201311100pit,1,0.9138788545255557
201612080kan,1,0.9705684295806023
201710080clt,1,0.8954637004448182
200811300nyj,0,0.8319701116527934
200810260htx,1,0.9995966264667282
200911260dal,1,0.9987281809406969
201111270ram,0,0.05634914825581896
201210210cin,0,0.4435028507598102
200711250cin,1,0.5043744511775095
200810120was,0,0.9985594773055406
201010240oti,1,0.9152102028441392
201412140cle,0,0.2178176729603547
200712020phi,0,0.9154737391937366
200811160tam,1,0.6813361179409168
201210070nyg,1,0.9982101652096181
201010170ram,1,0.021895687817978633
200810260phi,1,0.9951566822051768
201610090rav,0,0.8017518662078172
201712100pit,1,0.996835107371831
201012270atl,0,0.9986719967975601
201110230rai,0,0.9208770783793968
201411270sfo,0,0.924650124936921
201612110jax,0,0.009287733230945939
201712030oti,1,0.18934651384174217
201111060sdg,0,0.0008664523510987473
201212160htx,1,0.9802553446415484
201611030tam,0,0.2964681299036235
201112240cin,1,0.9960843237715133
201312080nwe,1,0.9990705902606415
200811300was,0,0.005166393439539418
201212160rav,0,0.9598717338739245
201411020dal,0,0.9945447615236637
201711190den,0,0.5492025559455501
200710280nwe,1,0.9951347738020163
200711180det,0,0.12245761123491036
201310240tam,0,0.21611018569951201
201512130chi,0,0.8205756984635568
200711180buf,0,0.004502569863962268
201410160nwe,1,0.9826263380513054
201711160pit,1,0.99928967614359
201511010den,1,0.13775744205607873
201610300clt,0,0.8730028256830948
201210070min,1,0.987818200865399
200711260pit,1,0.9994416695626704
201312080gnb,1,0.1531563599329843
201010100rav,1,0.9985459239062568
201311030dal,1,0.9965296224237861
200811300cle,0,0.13158461423663234
201312080den,1,0.9881210780025268
200810190kan,0,0.03902542864659928
201111060dal,1,0.9971936659652171
201510220sfo,0,0.3359893502153012
201310130dal,1,0.03647617665611919
201610160sea,1,0.3911166105911865
200712160mia,1,0.06224212173276064
201111060htx,1,0.9995155828195328
201211250nyg,1,0.934840242256888
201212230rav,1,0.9140546167745727
201711230det,0,0.8490590982367592
200710140nyj,0,0.06775869376610118
200810050jax,0,0.7031867064605547
200712230sfo,1,0.659361687725008
201011070rav,1,0.869176916977999
200712160pit,0,0.9058895541332367
201212020kan,1,0.10489176742170556
201411300kan,0,0.8890442705680773
201112180clt,1,0.012928403898724464
200811020cle,0,0.18753178883952493
200912060chi,1,0.9581170716681658
200710210was,1,0.9931662339399562
201310060oti,0,0.07886721543434508
201711300dal,1,0.06980925729553741
201712030chi,0,0.4628053127679917
200912200ram,0,0.0005708942138132551
201712100nyg,0,0.011895810499491434
200712230det,1,0.9960448865178496
201011070htx,0,0.48281932778968867
201211080jax,0,0.3064083340136455
201412070was,0,0.002601109774041566
201512130car,1,0.9998437313619253
201410260pit,1,0.0680575203627508
200912200sdg,1,0.9818483863710303
201011140nyg,0,0.9966109265095716
201111130nyj,0,0.23775664722765907
201312080sfo,1,0.9063113554934394
200810200nwe,1,0.8014283198431067
200811160clt,1,0.9965902954452387
201010310cin,0,0.07374114997732684
201312080tam,1,0.8293483009941283
200910180was,0,0.9575844730944887
200911150oti,1,0.6111375661129345
201512270nyj,1,0.025705129142696185
200810120nyj,1,0.996481009384718
201012120dal,0,0.08357374818844115
201211180was,1,0.9347919949781487
201511290clt,1,0.11474347326646375
201611200cle,0,0.0020021632559865474
201310270crd,1,0.6373157230071022
201011140cle,0,0.5070851253137235
201210210nwe,1,0.9704528524942112
201510150nor,1,0.6759542043348858
201112110was,0,0.07663904061897173
201112250gnb,1,0.9112719381036599
201612110sfo,0,0.9848601915740217
201612240buf,0,0.14646348641195434
201110300car,0,0.005773414351340783
200712160rai,0,0.0029246571765809905
201210140phi,0,0.42197454477932517
201311240nwe,1,0.6293213810415127
201412140sdg,0,0.5429794481640425
201712230rav,1,0.9993186258502847
201212230tam,0,0.2486339766071211
201712030nor,1,0.9328886108370302
200910110buf,0,0.6528538128860504
201312010cle,0,0.9898279592225624
200912190nor,0,0.6901898815367389
201112240dal,0,0.9483246159432519
201211040was,0,0.3397581101496561
201510110gnb,1,0.99849386481249
201412070crd,1,0.5511957599835475
201512270mia,0,0.974640886447456
200911300nor,1,0.9684167826459037
201510080htx,0,0.2089978290619861
201511290sfo,0,0.002710394924261366
201110230det,0,0.9807186632150591
201212030was,1,0.07818576083179858
201011080cin,0,0.05380852267098665
201011210cin,0,0.6533569298014439
200910250dal,1,0.987155559829365
200911220tam,0,0.8203301552210919
201511080buf,1,0.7128756035285517
201710150rai,0,0.8342652645341794
201010100dal,0,0.8745213385579461
201010240atl,1,0.9709806804617984
201210280chi,1,0.9966333605173292
201712030jax,1,0.9879530710626013
200911290htx,0,0.3928803235274609
201412140car,1,0.9935659518644482
201611200clt,1,0.7745703314162369
201112180phi,1,0.28021646138949885
201610090rai,1,0.19969022481366297
200911220jax,1,0.9229148133732782
201412140atl,0,0.8834822000799508
201412140nwe,1,0.996455509762087
200710070sfo,0,0.00812348445092371
201112180crd,1,0.7745436575398876
201612110gnb,1,0.14702952878253633
200711040buf,1,0.3451430626941243
200811090nwe,1,0.9069178662004151
201311100gnb,0,0.994225754505945
201411230sdg,1,0.06083565260024911
201410120tam,0,0.04406895436740308
201612040rav,1,0.8981191852789391
200712170min,1,0.9968771299010789
200912060cin,1,0.9981391205011786
201112260nor,1,0.9842339949009125
201611060kan,1,0.9971455416014633
201012050clt,0,0.930808979416746
201110160rai,1,0.9735717691213497
201310130nwe,1,0.3855801343657912
201410270dal,0,0.956778505857697
201512130htx,0,0.6928310786131215
200810260sfo,0,0.7350620942169093
201311170sea,1,0.9994258100364191
200710280oti,1,0.9994535919007319
200712130htx,1,0.14626120985788207
201211040rai,0,0.001456547403752367
201310130cle,0,0.2807638396556187
201412210tam,0,0.1441695998492107
200910110sfo,0,0.012528641864200876
200911080sea,1,0.8675013746213041
200911220nwe,1,0.9987931377589414
201411090gnb,1,0.9964117555923055
201610230pit,0,0.7256397728720064
201111200gnb,1,0.9998097621551404
201112180den,0,0.344518082456152
201311100sfo,0,0.9931526134072418
201210140nyj,1,0.04874937015159486
201010240sea,1,0.9102217612701421
201310200oti,0,0.0060514763888847405
201312080crd,1,0.9706064328167675
201410050car,1,0.003506342723890287
200811230atl,1,0.7042380040703388
201110090pit,1,0.25731989344057377
201310200gnb,1,0.9990152848750474
201312150nyg,0,0.3292112451267404
200712220car,0,0.18181454230794739
201212220det,0,0.7728650779561141
201511080sfo,1,0.3252797625303393
201512130cin,0,0.9670919851127552
201211110cin,1,0.28070997398464853
201711050htx,0,0.9995217162939846
200712230jax,1,0.9984417962344562
201411160clt,0,0.9985087571651415
200810190ram,1,0.11319881247183043
200711110kan,0,0.09450585301081692
201111130sfo,1,0.7401485576268744
201112110rav,1,0.9993835490373876
201512060nor,0,0.05948213427628034
200812070rav,1,0.5854950518242311
200810050den,1,0.6350120224259239
201011210oti,0,0.9998547628516699
201611270rai,1,0.988091911818429
200811300sdg,0,0.2613059470466963
201410200pit,1,0.3392315204066473
200711040min,1,0.46231038305022953
201710290nyj,0,0.02039540699321914
200712020car,1,0.7250759633460656
200912270gnb,1,0.9566521313446259
201411090rav,1,0.9996763813548665
201411230sea,1,0.9925050198503723
201412010nyj,0,0.022457554070865176
201512200pit,1,0.9477735561326137
201410260oti,0,0.1748924041533728
201710150jax,0,0.43388890181179657
201711260kan,0,0.9963546558345205
201211110rav,1,0.9978042098468496
200912270nor,0,0.9995031393255177
201610230oti,0,0.08941383766636277
201111060pit,0,0.9208102979038283
201210040ram,1,0.0258201171343429
201211040cin,0,0.0206635145031689
201011290crd,0,0.10756711356721568
201111270rai,1,0.2639196328052377
201410050den,1,0.9931292604056817
200810190was,1,0.9838293642430836
201311100chi,0,0.9990317412259011
201110230min,0,0.009024388513045177
201411160car,0,0.1915980729112095
201412210nyj,0,0.026905187136215838
200711110crd,1,0.7252383776762835
201012090oti,0,0.139099041278641
201610160gnb,0,0.10928597976965887
200810050rav,0,0.19825249256007219
201710150nyj,0,0.05767381672636568
200810190car,1,0.5692665694378006
201310200atl,1,0.897632257961266
201511220car,1,0.9989937581115736
201710290nwe,1,0.97656805297513
201712180tam,0,0.2697785352791276
201112240pit,1,0.9998171661975457
201211250cle,1,0.011022349191231353
200710210dal,1,0.9922075104184496
201711120det,1,0.9692830842589192
201312010kan,0,0.4872448109742231
200911150sdg,1,0.14065968307563848
200710280car,0,0.0010827055297846994
201110160rav,1,0.9238658831167644
200711220atl,0,0.0020288725793420944
200712200ram,0,0.20305500516958008
201010310nyj,0,0.9963830371774125
201510110rai,0,0.6441964091819741
200810120den,0,0.7264557827086514
201411300rav,0,0.9969015396427447
200812070buf,0,0.032817816150661115
201510110det,0,0.023543084809183167
200911010chi,1,0.3705506867987091
201711050sfo,0,0.8762264386163335
200710280sfo,0,0.015323201142198544
200912130rai,0,0.10433412648149762
201612180chi,0,0.19782781957692144
201311240htx,0,0.8270009203606487
201710220gnb,0,0.917017766953524
200712020oti,1,0.530460051918567
201312160det,0,0.9431025051091848
201411300pit,0,0.4705361275985751
200910180tam,0,0.6584517255247316
201011150was,0,0.0019335146181685124
201612180kan,0,0.9299670551229869
201011140pit,0,0.10904633583380825
201710290buf,1,0.5527258527281699
200912280chi,1,0.36681202304739097
201711260clt,0,0.04225991743610718
201012050det,0,0.09642885814380367
201710150htx,1,0.9965444661812897
200812040sdg,1,0.8920989315340103
201012160sdg,1,0.9777897456330262
201711190mia,0,0.1540017779773361
201712170buf,1,0.9546640354313655
201010100car,0,0.3945266189006558
201110300oti,1,0.9056224731309785
201612110clt,0,0.9822849495329118
200811020min,1,0.2800312456530405
201612240gnb,1,0.7823726723168907
201610100car,0,0.9163147259038397
201611270den,0,0.9795486368320245
201012120sdg,1,0.9336695638956083
201512130jax,1,0.9025601409277161
200812210cle,0,0.9953071807995735
200912060mia,1,0.01568776655422526
201611200cin,0,0.6310299913887549
201412210htx,1,0.22363235381966948
201511150rav,0,0.13048121005249536
201610090det,1,0.2930796108930471
201211040sea,1,0.9915804250523577
201512210nor,0,0.8936344145520526
201111130cin,0,0.9329941335291088
200910180nwe,1,0.9983087884555504
201410050phi,1,0.5031384000133883
200710280sdg,1,0.9966653246220694
200711040cle,1,0.5125014513054488
200912060nyg,1,0.12908996748107637
201510250oti,0,0.04400662706366928
201612220phi,1,0.9119761062307457
201012120crd,1,0.10047295063657678
201112180chi,0,0.4998757105683613
201511290htx,1,0.25529846278272916
201110230car,1,0.09425127475684258
200710070htx,1,0.9842779257539573
200910250cle,0,0.011363899100726826
200912060atl,0,0.44326673349024837
201612240ram,0,0.8610807922925137
200912060jax,1,0.01771067015320609
200712160nwe,1,0.9820127170600889
201612240nwe,1,0.9996504732692602
200710280min,0,0.9698799722193301
200712090sfo,0,0.018767690359506373
200712160tam,1,0.9938598895009991
201012190dal,1,0.964527237650597
201111130mia,1,0.9938953170338555
201112040cle,0,0.0013018734301599422
201510180det,1,0.006593876403900429
201510250car,1,0.9696473289325374
200911220rai,1,0.06968435779925725
201110160cin,1,0.9539388074994399
201412140kan,1,0.9994581669836364
201110300den,0,0.48191718791410726
201212230mia,1,0.1816336503116909
201612110buf,0,0.32003446987888773
201312010sdg,0,0.527574155184224
201312150dal,0,0.7206311976910739
200710210buf,1,0.13993101165567964
200712160car,1,0.034064072238661286
200711180htx,1,0.8929266149064446
200811020den,0,0.15492490104590342
201011210nwe,1,0.4428559859399849
201011280atl,1,0.5473504555691636
201510250was,1,0.8532895552289955
201710080cin,1,0.9023580472616106
201710080pit,0,0.9996918100184401
200812210den,0,0.9918883681560585
201111130car,0,0.14241961218523425
201712070atl,1,0.0005698574360005363
200911290buf,1,0.03259708711713081
201311280dal,1,0.9932671000374268
201710290was,0,0.7048844620389091
201012260chi,1,0.16710319183318936
201312120den,0,0.9963559918925476
201012190rav,1,0.9829903226782254
201211010sdg,1,0.9640515716620413
201511150sea,0,0.9389162816591219
201711260nyj,0,0.004628145031367632
200811060cle,0,0.5097829244145959
200912070gnb,1,0.9692766021997716
201311250was,0,0.36291815882422673
201610230atl,0,0.9955757134533133
200712230nwe,1,0.9901503416527003
201210210car,0,0.19598807877832397
201412140buf,1,0.244547218985093
201710220sdg,1,0.2059652106016971
200711250car,0,0.07200481712251235
200812210ram,0,0.041622553926256675
201710220nwe,1,0.8305822900579661
201211110chi,0,0.8772899238017391
201512030det,0,0.022576213601135674
200712160ram,0,0.0021729177241114274
200712090phi,0,0.24647190221566384
200910180sea,0,0.10425533017868571
200911290rav,1,0.7831026960667238
200811300cin,0,0.061252027345198634
201011210car,0,0.05262362008177178
201210280kan,0,0.0830733284654324
201510110rav,0,0.9632112339031459
201712240car,1,0.9997560088195286
201010180jax,0,0.7810944498537113
201412180jax,1,0.5541744871849694
201510250det,0,0.0032709176677348413
201712030gnb,1,0.9853799607751488
201712170cle,0,0.16829203354092065
200910120mia,1,0.09970639462386639
200912060was,0,0.00019740752239659913
201210140crd,0,0.7908493631619132
201410050dal,1,0.9387453372096778
200811090htx,0,0.9331164358986587
201310210nyg,1,0.10635160068691259
200710210mia,0,0.009580777387200562
200912060car,1,0.35078518247177876
201112040sfo,1,0.99878334858395
201310270cin,1,0.9996856601067902
201410050nwe,1,0.02725299475748335
200810260dal,1,0.8967711104337709
200911080atl,1,0.9978128406351023
201211040jax,0,0.08304887622678599
201012190ram,0,0.5474431240101458
201110300phi,1,0.5118370047967109
201211250crd,0,0.6674779848721881
201610160mia,1,0.46788453855801826
201610230nyj,1,0.05677945103845975
201710120car,0,0.950625688449279
200712020ram,1,0.011996495481435863
201512270tam,0,0.324164143397722
200810050det,0,0.06305671092768601
200812140car,1,0.9760828190868144
201312220rav,0,0.44745390142882013
200911080cin,1,0.2815839410658189
201011280buf,0,0.04489958059630193
201311030rai,0,0.02289286349396327
201312080nor,1,0.9892467960447187
201012120det,1,0.006524681823012961
201511220atl,0,0.9650763994328102
201712100ram,0,0.99083088918319
200811300rai,0,0.4395984330993278
201410190den,1,0.9960570171282059
201111130sea,1,0.7115637622121965
201212020det,0,0.4119304445302323
201310270rai,1,0.21799128206692522
201012260jax,0,0.9764259082162755
201211250jax,1,0.0018558056229885827
200811160mia,1,0.9939781952766601
201010240car,1,0.8120320889076759
200810130cle,1,0.0041212246139858836
200811020clt,1,0.43733110668949976
201410300car,0,0.3214542131425228
200810120atl,1,0.9407598100376513
201010170pit,1,0.9993840243128762
201110300sfo,1,0.9989877617679318
201611200sfo,0,0.002517520248092225
201712240dal,0,0.40184081675208233
200810050car,1,0.9942045925887117
201311170chi,1,0.9717618260514024
200811200pit,1,0.9996868555644759
201211040nyg,0,0.6427041731080001
200911150rai,0,0.09544125717433982
200811100crd,1,0.9890426235019897
200711250ram,0,0.010507990026843786
201110160chi,1,0.4697783961666385
201211040htx,1,0.9798892316678426
201410260crd,1,0.42963197144392373
200712090cin,1,0.9988076867999711
200912130atl,0,0.0005023869271787423
201310270det,1,0.7829279556059466
201012120chi,0,0.0890917595752454
201311030nwe,1,0.8128179962468424
201212090cle,1,0.9916951397785752
201212090sfo,1,0.9959275160810864
201410260nor,1,0.1381012042220301
200710290den,0,0.012002073624643613
201012050gnb,1,0.9991568458585839
201111240det,0,0.030322229307520848
201212020nyj,1,0.9276865858920903
201311240rav,1,0.13959569673890607
201412210mia,1,0.9734113654078974
201012190nwe,1,0.9957197156451387
200810120sea,0,0.10636023838090904
200912270nyg,0,0.946552006128431
201110160tam,1,0.02821544404968221
201112220clt,1,0.009895210524984174
201312220nyj,1,0.752026545415132
201712110mia,1,0.11630111574094616
200712160nor,1,0.9972671981859282
201212170oti,1,0.0019309525363314004
201310270nwe,1,0.9951297690279721
201512270det,1,0.9417353090343141
200810260pit,0,0.10092478102595043
200810190cin,0,0.013629158272683104
201211120pit,1,0.9943758186156988
201612050nyj,0,0.00346977365627652
201011280was,0,0.8276174341319672
201310200kan,1,0.9914501875383601
201412070min,1,0.9573848811903118
201212090nyg,1,0.5997614419853727
200711180clt,1,0.9979829889760297
201210070clt,1,0.0069920075289697115
201211110mia,0,0.9869893737947906
201212060rai,0,0.006132165735073549
200712090htx,1,0.13333667183938275
200811230den,0,0.9981403201961707
200811160pit,1,0.31594653846682547
200812070clt,1,0.9999042090493905
201010310kan,1,0.9918564256245265
200911220ram,0,0.0009738067878206142
200911010sdg,1,0.9968776423038396
201012190cin,1,0.31154429433046543
201712100jax,1,0.6369357096563841
201312010buf,0,0.694086851877019
201412140oti,0,0.27350043753006403
201710080rai,0,0.8209124948053051
200810050htx,0,0.059743427599826864
200810190gnb,1,0.5242321945005837
201210140cle,1,0.005659228698185775
201311030buf,0,0.023182685594314443
200711250crd,0,0.9914679433654945
200911080nor,1,0.9930721752880172
201410230den,1,0.9963556331141593
201511290was,1,0.04391519125165979
201512240rai,1,0.8718274701258544
201412070jax,0,0.3212318959695874
201612110det,1,0.8512240191476167
201611270atl,1,0.8001622138563395
201711260pit,1,0.9830299781964109
200810120tam,1,0.6377963175561715
201010310nor,1,0.54171364209758
201511080car,1,0.9763718825997059
201712170pit,0,0.9930564537091688
200811130nwe,0,0.7071007101754349
201310030cle,1,0.011790937840356982
201512060pit,1,0.959620871754135
201612260dal,1,0.9933550923380187
201110230nor,1,0.9310513429766616
200811090sdg,1,0.9841876225859616
201510180buf,0,0.010332989108290806
201011140crd,0,0.8783201797813943
201511080dal,0,0.08515962084010098
201611130nor,0,0.8455175381037879
200812070den,1,0.8017276891510039
201111060crd,1,0.8676790325550376
201112240was,0,0.6048195202374042
201511080pit,1,0.9677787105814836
200812210min,0,0.7265902548172464
201111130kan,0,0.18148695082369726
200911260det,0,0.0011759967154867212
201412070det,1,0.9909745364618411
201610160rai,0,0.0794717294640041
201112040htx,1,0.9841718522167966
201110230mia,0,0.23813595441168506
201112110dal,0,0.19552624358118081
201411160gnb,1,0.9877693268414495
201712030sea,1,0.12767331569472506
201010240kan,1,0.937615669470751
201411230nwe,1,0.9988933556997757
200911260den,1,0.5334090585799451
201411230phi,1,0.9940655477396126
201610090cle,0,0.00432732258582158
201712030sdg,1,0.9972316934858733
200910180gnb,1,0.979611425292683
201010170nyg,1,0.9952694717356643
201511260det,1,0.03386479411994538
201511290nyj,1,0.9646984258007304
200812210oti,1,0.5854814477011817
201011070rai,1,0.02051843976184701
201712030rai,1,0.9624931473309752
200911010phi,1,0.28105516935832364
201212160ram,0,0.7347906292623375
201610300buf,0,0.25911657771678753
200910180min,1,0.8296199855614692
201711130car,1,0.9915971001412655
201711190cle,0,0.015226867400301472
201210110oti,1,0.023334333762718634
201311100atl,0,0.07910674458241317
201611200min,1,0.7365191745286557
201712240crd,1,0.9455597034370041
201010100crd,1,0.09844400255543002
200711250nyg,0,0.8958884435262285
201310200det,0,0.9628168404717277
201411300clt,1,0.9902757304716077
201010100was,1,0.0042281719424274
201012190oti,1,0.41341412522104876
201411300tam,0,0.011850683235100728
201112180min,0,0.023297160610625353
201111200mia,1,0.1765085293076024
201612040crd,1,0.9187937942326488
200711040tam,1,0.8168627587461086
201111210nwe,1,0.9955245594839915
201211040cle,0,0.04923461087553547
201112040nwe,1,0.9996471353501971
201312220kan,0,0.9853991195242888
200911010dal,1,0.972768625593282
201011210jax,1,0.2474774418344886
200710070was,1,0.515076679970067
201111270oti,1,0.03886562987511321
200910110kan,0,0.007626257797811742
201511220htx,1,0.4374453213540284
201712100buf,1,0.9927250822394602
200710210phi,0,0.9993052524908245
201310130kan,1,0.999209696084687
201610300htx,1,0.8498574778863783
201611130nyj,0,0.5759594863878736
200811090min,1,0.06729807513507595
200811230det,0,0.024347862034147794
200910110rav,0,0.9939268010471578
201410120oti,1,0.3971845774424594
201412140rav,1,0.9989289924061329
200811160kan,0,0.004435452698362281
201011140jax,1,0.7005466833311553
201011210min,0,0.31204889071564634
201411160was,0,0.9936435491758919
201110160nwe,1,0.9993687020513561
201611270chi,0,0.26562784253974825
201012280phi,0,0.9997043219813289
201711120atl,1,0.2903550529245183
200711110gnb,1,0.9165854622099489
200912200den,0,0.9995774083462506
201310060mia,0,0.5295359724507159
201412210dal,1,0.374373548650739
201412220cin,1,0.0025884639089266246
200710280nyj,0,0.3053173809160636
200911080tam,1,0.015666007797603954
201512100crd,1,0.9991233377980842
200712090buf,1,0.7678545620483093
201210070car,0,0.49191103046738605
200712230sea,1,0.9979020556397449
201512200nwe,1,0.9995945773105114
201112110gnb,1,0.9990365324315583
201312150pit,1,0.6212286514919184
200811020sea,0,0.042257307893479
201312080pit,0,0.30681588782120084
201310070atl,0,0.9742223579468271
201311240rai,0,0.23680994506696193
201410120cle,1,0.360880063980113
200910180cin,0,0.8734070942959009
200712020crd,1,0.1708823711313984
201711120ram,1,0.9955756715828753
200910110ram,0,0.005581216628097458
201312150atl,1,0.7672170563084099
201112040min,0,0.5184864937174942
201310130sfo,1,0.9987087501947653
201612040nwe,1,0.9998800510529929
200711040nyj,0,0.006683298461171014
201610240den,1,0.9924091915625312
201611100rav,1,0.8710825660403841
200710210nyg,1,0.9773652331057197
201610230kan,1,0.8443549999249809
201511150den,0,0.9265065777369966
201711120was,0,0.5011206052858825
201310060sfo,1,0.8063695942572222
201412200sfo,0,0.528450349207746
201511290atl,0,0.3814531566354117
201410260tam,0,0.06447209592118272
200810050phi,0,0.9221105496026144
200812070nor,1,0.7076633745083254
200910190sdg,0,0.39028332695190043
200911150gnb,1,0.09867233079222855
201011210nyj,1,0.9694679180180411
201411130mia,1,0.978269941746772
201010250dal,0,0.26624935294949303
200712060was,1,0.16697533456491215
201712170car,1,0.9854217230729713
200911020nor,1,0.9903632905414173
200910110nyg,1,0.9943242212332709
201312010min,1,0.34415378932238716
201711190dal,0,0.6345381582122567
201212020ram,1,0.009676600475086748
201411230atl,0,0.7910055771746098
201312080nyj,1,0.9865939729415559
201112110det,1,0.9904273744017823
201112240nwe,1,0.9986752799768384
201311070min,1,0.9422210441905272
201512270atl,1,0.0021764062516124883
201711060gnb,0,0.8257882342592037
200810120htx,1,0.10733195460406847
201311280rav,1,0.4340458789311502
200812150phi,1,0.9986541583694936
201312080was,0,0.008278297005620827
201010110nyj,1,0.950902108533852
201612180sdg,0,0.5499866698498397
201612240nor,1,0.8760179495803565
201711050sea,0,0.9990070575736337
201611060min,0,0.9700251481255526
201011180mia,0,0.9819635381412049
201611130tam,1,0.17578054842712312
201312220car,1,0.8946737343637173
200710210cin,1,0.5469808242098705
201711270rav,1,0.9745840136177745
201311180car,1,0.44542651992055865
201012190nyg,0,0.8577973894008423
200711040clt,0,0.6269090954616017
201210070nwe,1,0.5509156748815299
201111170den,1,0.5495070926163803
201312220sdg,1,0.9931353935101269
201011250nyj,1,0.9769082608908976
200811090atl,1,0.895539586244409
201511010rav,1,0.4782441642742651
201711020nyj,1,0.0060254787728632134
201010100cin,0,0.2963167667941808
200810190mia,0,0.9346650064925176
200911080phi,0,0.901257049972112
200911150crd,1,0.9886693056613056
200810270oti,1,0.10016546083092355
200712020kan,0,0.03154439492459781
201412140clt,1,0.7099473524277424
201311170cin,1,0.9756834658698549
201412040chi,0,0.009722431382805785
200910250rai,0,0.026261644465302388
201612180cin,0,0.5179906999471174
200810050sfo,0,0.21498581566881342
201310130nyj,0,0.8214781424741235
200812140rav,0,0.548748715142233
201011220sdg,1,0.9825718361347762
